کد_داخلی,کد_کالا,نام_کالا,فعال,موجودی,قیمت_خرید_تومان
1383,,جوراب میوه ای,بله,27,650000
1184,,وست لینن یک و دو تک رنگ 8011,بله,3,6850000
1334,,شومیز دانته,بله,0,7470000
1141,,کت لینن یک و دو تک رنگ 0211,بله,4,13600000
1338,,تیشرت آستین گلدوزی,بله,5,2980000
1265,,کراپ کرپ یقه سه سانت رنگبندی,بله,3,2580000
1183,,شلوار نخ یک و دو تک رنگ 1111,بله,2,5600000
1346,,مانتو عرب گیل,بله,2,14700000
1266,,ژیله سوزندوزی بنفش,بله,0,9900000
1169,,پیراهن لینن پنبه یک و دو چند رنگ 7511,بله,2,7900000
1071,,شومیز لینن یک و دو چند رنگ 0701,بله,0,5900000
1301,,شال چهارخونه دورو,بله,1,4900000
1330,,تونیک کوتاه,بله,5,4390000
1244,,کت مخمل سوزندوزی گل ریز,بله,0,18500000
1380,,کت لینن ترمه,بله,1,12700000
1364,,شال لینن فلورانس,بله,0,4980000
1441,,کت پشیم توئیت,بله,1,12700000
1196,,شال لیچینند رنگ,بله,0,3600000
1134,,شلوار باتیک هندی یک و دو تک رنگ 2111,بله,1,13800000
1214,,دامن کتان فری سایز چند رنگ,بله,0,8600000
1178,,کت لینن نچرال,بله,19,17800000
1329,,تونیک بلند,بله,5,4970000
1272,,کمربند چرم زنانه,بله,0,2350000
1158,,پیراهن لینن پنبه یک و دو چند رنگ 7511,بله,2,8700000
1332,,شومیز دبل فیس,بله,1,5390000
1350,,کت لینن رن ی گ,بله,0,15700000
1440,,بارونب کرم مشگ صوریب تییس قد 57,بله,1,15700000
1399,,جوراب کمرکش گلدوزی,بله,0,730000
1353,,شلوار لینن سورمه ای,بله,2,5750000
1308,,شلوار پشیم بگ,بله,1,6680000
1483,,شلوار جین فول بگ,بله,11,27900000
1425,,دامن چ نن دار پله ای,بله,3,6900000
1122,,شومیز لینن یک و دو چند رنگ 2011,بله,0,0
1478,,کت بیسیک بازاری روجا گرم بالا,بله,5,29800000
1161,,پیراهن لینن یک و دو تک رنگ 7511,بله,2,8600000
1200,,شال لیچینند رنگ,بله,0,4600000
1464,,جوراب میخ کرپ,بله,28,950000
1149,,شلوار لینن نچرال یک و دو کرم 1111,بله,0,8900000
1271,,بلوز بافت راه راه افیق ریز رنگبندی,بله,3,5850000
1326,,کراپ ورزرش,بله,0,1680000
1193,,شال لیچینند رنگ,بله,0,3800000
1393,,جوراب کالج,بله,8,570000
1287,,دورس خال خایل,بله,3,4900000
1276,,جوراب ساق بلند گیس بافت,بله,19,950000
1143,,شومیز لینن یک و دو تک رنگ 6011,بله,3,8700000
1469,,جوراب کالج گیپور,بله,6,780000
1339,,تیشرت بابونه,بله,6,2380000
1435,,شلوار راسته بازاری,بله,3,11900000
1174,,کراپ کت لینن نچرال سایز یک و دو چند رنگ,بله,0,6900000
1456,,شومیز باراکا,بله,0,9800000
1216,,دامن پییل کتان,بله,0,8700000
1142,,مانتو لینن یک و دو مشگ 0111,بله,9,14900000
1384,,جوراب ورزرش آلو,بله,1,750000
1082,,کت ژاکارد یک و دو تک رنگ 3401,بله,2,15750000
1449,,شلوارک جین,بله,2,6950000
1414,,کراپ تاپ بندی راه راه,بله,0,1980000
1374,,شومیز باتیک چرخکاری,بله,1,13600000
1486,,تیشرت واردایب,بله,4,8700000
1323,,بلوز میله ای,بله,0,0
1375,,شومیز لینن کننق راه راه,بله,2,6900000
1365,,شال لینن گیل,بله,1,4790000
1290,,هودی زیپ دار ساده,بله,0,6900000
1413,,کراپ تاپ حلقه ای راه راه,بله,3,1980000
1376,,شومیز لینن ترکیرت باتیک,بله,0,6790000
1335,,شلوارک,بله,5,2980000
1351,,شومیز اسلب,بله,10,15900000
1262,,بافت ریز یقه اسگ,بله,9,4950000
1151,,شلوار کرپ بازاری گرم بالا یک و دو تک رنگ 0511,بله,0,7700000
1201,,شال لیچینند رنگ,بله,0,4780000
1275,,جوراب ساق بلند کرپ,بله,8,580000
1213,,کاپشن کتان,بله,0,9850000
1251,,شومیز لینن راه راه عرب,بله,0,4750000
1362,,شال لینن کوک دوزی,بله,6,3470000
1160,,پیراهن لینن نچرال یک و دو تک رنگ 7511,بله,4,12500000
1345,,کت مشگ طرح پیچازی,بله,1,19800000
1168,,شومیز پلیسه یک و دو چند رنگ 7601,بله,0,7800000
1221,,کت جین,بله,2,6850000
1230,,دورس بلند سفید,بله,2,3400000
1333,,شومیز نخ واردایب,بله,0,6970000
1148,,شلوار لینن لوک یک و دو تک رنگ 1111,بله,1,6900000
1455,,شومیز پری شیشه ای,بله,2,12900000
1281,,بافت اورال طرح دار بلند رنگبندی,بله,1,8700000
1472,,جوراب میخ مردانه,بله,10,1350000
1406,,شومیز اسلپ,بله,12,11700000
1236,,بلوز بافت راه راه پنج رنگ,بله,2,6900000
1192,,شال لیچینند رنگ,بله,0,3800000
1289,,بافت گلدوزی مشگ و کرم,بله,2,8950000
1367,,شومیز کتان رنگبندی فری سایز,بله,12,7800000
1194,,شال لیچینند رنگ,بله,0,2950000
1152,,شلوار کرپ فیونا یک و دو مشگ 2401,بله,1,7900000
1162,,پیراهن کتان کریستال یک و دو تک رنگ 0501,بله,2,15800000
1298,,کمربند یک و نیم سانت دامن و شلوار,بله,7,2350000
1424,,دامن پییل لینن نچرال,بله,5,8900000
1355,,شلوار لینن عرب آسمانب و رسخارب,بله,2,5450000
1395,,جوراب شیشه ای بنفش,بله,7,690000
1404,,شومیز لینن پنبه,بله,0,5900000
1466,,جوراب زنانه میخ طرح دار,بله,61,980000
1278,,شال موهر چارخونه,بله,0,4900000
1264,,ژیله بافت ساده رنگبندی,بله,2,4850000
1090,,شومیز وال,بله,2,8500000
1304,,شال موهر تک رنگ رنگبندی ظریف,بله,3,4750000
1205,,کیف چند رنگ,بله,0,4900000
1079,,وست ندارد یک و دو تک رنگ 8301,بله,2,7600000
1400,,شومیز نخ راه نقره ای,بله,4,8700000
1132,,مانتو یک و دو چند رنگ 0111,بله,5,146500000
1318,,گپ واردایب ساده,بله,0,4350000
1181,,شومیز لینن یک و دو تک رنگ 3111,بله,2,7600000
1481,,کاله بیسبایل گیپور,بله,8,3900000
1254,,سارافون پشیم پیچازی,بله,0,4950000
1433,,بامری جکت کتان ظریف,بله,4,8900000
1156,,شلوار لینن شانتون یک و دو چند رنگ 1111,بله,0,4900000
1260,,بارونب بلند تییس آسییدار کرم و مشگ,بله,1,15900000
1291,,دورس نیم زیپ طرح دار,بله,1,8700000
1372,,شال مشگ برشکا دور گیپور,بله,1,3850000
1277,,لگ کرپ ساده,بله,4,3500000
1447,,کت فوتر طوش,بله,1,19700000
1349,,کت سرنی گل برجسته,بله,0,19790000
1189,,کت سوزندوزی یک و دو مشگ 0111,بله,0,13500000
1127,,شومیز ندارد یک و دو چند رنگ 6011,بله,2,6700000
1255,,مانتو پشیم پیچازی,بله,0,6950000
1320,,گپ مرواریدی,بله,2,7650000
1198,,شال لیچینند رنگ,بله,0,3900000
1387,,وست سوزندوزی,بله,0,12700000
1217,,دامن کرپ چند رنگ,بله,0,8700000
1299,,کمربند سه سانت شلوار,بله,17,2350000
1373,,شال مشگ شاین لبه فر,بله,4,4350000
1459,,کراپ تاپ خشیت بلند کرپ,بله,9,4800000
1378,,ست شومیز و شلوار باتیک,بله,1,13900000
1379,,کت گل رسخ,بله,2,14900000
1321,,گپ چپ و راست,بله,2,7900000
1233,,بارونب سانتانا کاله دار پنج رنگ,بله,0,22700000
1249,,دورس کرپ کرم و مشگ,بله,1,5800000
1484,,شومیز واردایب مجلیس,بله,6,11900000
1076,,مانتو ژاکارد یک و دو چند رنگ 3301,بله,2,13900000
1397,,جوراب نایک صوریب,بله,5,670000
1309,,پالتو فوتر چری,بله,3,11700000
1187,,وست باتیک هندی یک و دو چند رنگ 8011,بله,3,6500000
1307,,جوراب تک رنگ,بله,22,670000
1223,,وست جین,بله,1,6700000
1253,,دامن پشیم پییل,بله,0,7900000
1203,,کیف چند رنگ,بله,0,2900000
1429,,شومیز نخ طرح دار,بله,2,6450000
1453,,شومیز پاپیونب,بله,0,8700000
1336,,شلوار بهاره,بله,1,4870000
1358,,شلوار زبرا,بله,1,6750000
1231,,دورس کوتاه سفید,بله,2,2900000
1324,,شلوار جین شافل بگ,بله,4,19500000
1405,,شومیز نخ بابوس,بله,1,6850000
1167,,شلوار پلیسه یک و دو چند رنگ 1111,بله,0,7650000
1421,,شومیز لینن پنبه,بله,5,7650000
1163,,شلوار کرپ ال نیه یک و دو تک رنگ 1111,بله,2,7900000
1418,,تیشرت باکیس ساده,بله,2,3870000
1438,,جوراب پای نیه ساق بلند گل برجسته,بله,14,950000
1270,,شلوار بافت ریز رنگبندی,بله,1,3950000
1480,,کراپ تاپ ساده بیسیک کوتاه,بله,4,4700000
1226,,شلوار بوت کات عرب ت یه,بله,2,6900000
1274,,کاله بافت ریز لئونب,بله,2,2700000
1354,,شلوار لینن کرم و سفید,بله,0,5600000
1432,,بافت راه راه ریز,بله,0,5600000
1210,,کیف چند رنگ,بله,0,5600000
1310,,کراپ کت پیچازی,بله,1,6980000
1368,,شومیز کتان رنگبندی سایزبندی,بله,9,6900000
1208,,کیف چند رنگ,بله,0,5750000
1352,,شلوار کرپ بازاری,بله,0,6900000
1454,,تیشرت باکیس,بله,3,5700000
1155,,شومیز و شلوار دبل کریشه,بله,1,15900000
1224,,شلوار مام فیت عرب روشن,بله,2,8700000
1312,,بلوز و شلوار میله ای گرم بالا رنگبندی,بله,3,18900000
1220,,کراپ کت جین,بله,0,6570000
1427,,مینت اسکارف,بله,6,2470000
1485,,شومیز واردایب,بله,6,11900000
1284,,بافت طرح زنج یی واردایب فری سایز رنگبندی,بله,0,9800000
1458,,کراپ تاپ ساده بلند,بله,12,4800000
1240,,پافر سه رنگ فری سایز,بله,6,7900000
1100,,شومیز دبل کریشه یک و دو چند رنگ 7601,بله,1,5000000
1357,,شلوار جین کاغذی,خیر,0,4980000
1412,,شومیز پری,بله,0,15900000
1146,,شلوار لینن پنبه یک و دو تک رنگ 1111,بله,0,7650000
1344,,"کت ژاکارد زبرا مشگ, عرب روشن و هلویب",بله,1,19670000
1001,,شومیز لینن 1 کرم,بله,0,5800000
1448,,بارونب کتان زارا قد 57,بله,3,16800000
1363,,شال لینن دور زیپ,بله,3,5470000
1408,,کش دونایب,بله,22,450000
1322,,ست دورس و شلوار دو نخ,بله,2,8900000
1482,,کاله واردایب,بله,65,3900000
1422,,شلوار لینن پنبه,بله,6,6950000
1241,,شلوار واید لبه ریش مشگ,بله,1,6850000
1463,,جوراب پارزین,بله,23,380000
1366,,شال پلیسه پولیک,بله,2,5370000
1003,,کیف کننق ندارد کرم,بله,0,6850000
1428,,کمربند کننق,بله,3,2350000
1314,,شلوار جین واید,بله,5,14900000
1129,,شومیز موسل نن یک و دو تک رنگ 0701,بله,3,7650000
1088,,پیراهن نخ یک و دو تک رنگ 0501,بله,3,12800000
1337,,تیشرت آستین افتاده گلدوزی,بله,1,2670000
1296,,کاله کش بافت درشت رنگبندی,بله,6,2900000
1436,,ی کراپ حلقه ای پلنگ,بله,5,3900000
1202,,کیف چند رنگ,بله,0,4500000
1261,,بافت یقه اسگ درشت چند رنگ,بله,0,5700000
1138,,کت لینن یک و دو تک رنگ 6111,بله,5,12500000
1343,,کت گیل,بله,0,9650000
1204,,کیف چند رنگ,بله,0,3500000
1396,,جوراب سوزنب خاررج,بله,9,930000
1252,,دامن پشیم ساده کشم ی,بله,1,7900000
1431,,پیراهن لینن رسخارب,بله,2,7900000
1269,,دامن میکرو,بله,0,4900000
1218,,شلوار کتان پنج رنگ,بله,0,6850000
1325,,کراپ نوار کتان,بله,0,1980000
1024,,الگو بارونب ندارد یک و دو تک رنگ,بله,0,0
1475,,شلوار واید کتان لینن,بله,6,9900000
1185,,شلوار جین یک و دو تک رنگ 1111,خیر,1,6950000
1280,,بافت درشت بافت یقه پنج سانت چند رنگ,بله,4,5700000
1235,,دامن بافت پنج رنگ فری سایز,بله,5,4900000
1361,,شال لینن راه راه,بله,2,2980000
1147,,شلوار لینن نچرال یک و دو تک رنگ 1111,بله,0,6750000
1392,,جوراب میخ کرپ,بله,0,670000
1313,,شلوار جین نیم بگ,بله,22,16900000
1206,,کیف چند رنگ,بله,0,4900000
1369,,شال کتان دور ریش,بله,5,4700000
1268,,ست کت و دامن میکرو,بله,2,6900000
1461,,کاله بیسبایل ساده,بله,6,3500000
1377,,کت سوزندوزی کرم,بله,0,7900000
1124,,کت مخمل یک و دو تک رنگ 4011 گل درشت,بله,0,19800000
1306,,تاپ بافت گلدوزی,بله,3,1850000
1305,,شال موهر تک رنگ ضخیم رنگبندی,بله,6,4700000
1389,,شومیز بیسیک کرپ ال نیه,بله,1,6750000
1195,,شال لیچینند رنگ,بله,0,3600000
1410,,شلوار لینن اسلپ,بله,8,6700000
1385,,جوراب کالسیک مشگ,بله,3,590000
1257,,ژکت چارخونه پشیم,بله,1,8650000
1388,,رورسی گویج,بله,0,1950000
1420,,شومیز لینن دو نخ,بله,7,9800000
1126,,شومیز لینن یک و دو تک رنگ 6011,بله,4,8600000
1279,,بافت پلن ی گ ترکیب با جین,بله,1,6900000
1394,,جوراب میخ جودون,بله,7,670000
1487,,شومیز کتیبه,بله,2,9700000
1311,,کت فوتر مجلیس,بله,2,12900000
1360,,شال نخ سنگشور,بله,18,5670000
1179,,مانتو لینن نچرال یک و دو مشگ 9011,بله,1,8650000
1319,,شکت پیچازی سفید و مشگ,بله,0,5650000
1409,,شومیز لینن پنبه دانتل,بله,0,7900000
1347,,مانتو پرنده,بله,1,13600000
1041,,کت میکرو یک و دو چند رنگ,بله,0,5850000
1091,,مانتو لینن یک و دو تک رنگ 3501,بله,1,22800000
1285,,بافت مخمل آستین گیل,بله,0,6980000
1229,,شلوار نیم بگ اسییت عرب روشن,بله,4,15700000
1401,,شومیز لینن شانتون یقه ژاکارد,بله,1,7450000
1139,,کت لینن یک و دو مشگ 7111,بله,0,0
1283,,جوراب شلواری,بله,0,2700000
1154,,شلوار کرپ بازاری گرم بالا یک و دو چند رنگ 2401,بله,1,6900000
1258,,کراپ بارونب تییس آستین رگالن,بله,0,6850000
1166,,کت لینن یک و دو تک رنگ 9011,بله,2,23800000
1086,,کراپ باتیک هندی,بله,4,6700000
1191,,شال لیچینند رنگ,بله,0,3700000
1243,,کراپ کرپ,بله,3,2580000
1267,,کت پیچازی ترکیب با جین,بله,0,6850000
1303,,شال موهر چهرخونه ریز,بله,2,4580000
1225,,شلوار نیم بگ عرب ت یه,بله,5,15700000
1256,,کفتان کشم ی پشیم,بله,1,11700000
1180,,شومیز تییون نخ یک و دو تک رنگ 3111,بله,0,5900000
1430,,پیراهن نخ طرح دار,بله,0,8650000
1172,,دامن لینن یک و دو چند رنگ,بله,3,7900000
1402,,دامن لینن کرم,بله,0,8700000
1390,,جوراب مردانه نیم ساق,بله,11,850000
1263,,وست بافت پاپیونب چند رنگ,بله,0,3450000
1295,,کاله پوم دار رنگبندی,بله,1,3450000
1467,,جوراب نیم ساق زنانه,بله,29,1250000
1207,,کیف چند رنگ,بله,0,5600000
1089,,کت لینن یک و دو کرم 1501,بله,0,9800000
1227,,شلوار نیم بگ ذغایل,بله,4,15700000
1219,,کاپشن فیتیله,بله,0,9850000
1292,,گپ مجلیس گیپور,بله,0,8900000
1293,,گپ ساده,بله,5,7850000
1457,,کراپ تاپ بلند,خیر,1,4600000
1190,,مانتو خامه دوزی یک و دو تک رنگ 0111,بله,6,15800000
1382,,کت ژاکارد و سوزندوزی,بله,0,15900000
1297,,هدبند روش,بله,2,3300000
1286,,بافت قرمز کریسمیس,بله,0,7800000
1423,,شلوار لینن نچرال مام استایل,بله,1,7950000
1328,,تیشرت سنجاقک,بله,4,4890000
1470,,جوراب میخ مردانه جودون,بله,7,950000
1133,,شلوار کرپ فیونا راه راه,بله,3,6900000
1316,,شلوار مام فیت,بله,7,8700000
1460,,کراپ تاپ دوبنده,بله,11,4400000
1391,,جوراب مردانه میخ مردانه,بله,7,830000
1199,,شال لیچینند رنگ,بله,0,3900000
1137,,ژیله کرپ بازاری گرم بالا یک و دو طوش 5111,بله,1,8600000
1452,,کت جنایب یقه شکار,بله,0,13500000
1415,,کراپ تاپ بیسیک ساده,بله,0,3600000
1317,,هودی دورس سه نخ سفید و مشگ,بله,5,9850000
1121,,کت سوزندوزی یک و دو چند رنگ 1011,بله,2,169000000
1450,,شومیز کتان گرم بالا,بله,4,8900000
1443,,کت پیچازی,بله,1,12700000
1247,,کاپشن مشگ سیلیکونب,بله,0,7900000
1186,,وست سوزندوزی یک و دو تک رنگ 8011,بله,3,9900000
1419,,شومیز گره ای,بله,3,5700000
1356,,شلوار کرپ کننیو,بله,0,6750000
1188,,شومیز موسل نن,بله,8,8700000
1341,,تیشرت گلدوزی شاخه ای,بله,5,2580000
1246,,شلوار مام فیت ذغایل,بله,3,8700000
1099,,شومیز شانتون,بله,0,12900000
1462,,شلوار جین واید لگ لبه کات,بله,7,19800000
1153,,شلوار کرپ بازاری گرم بالا یک و دو مشگ 2401,بله,0,7600000
1238,,بافت ساده هفت رنگ فری سایز یقه گرد,بله,10,7800000
1479,,کراپ تاپ ساده کرپ,بله,8,4400000
1340,,تیشرت گیل,بله,7,2380000
1125,,دامن ساتن یک و دو تک رنگ 5011,بله,2,5900000
1426,,شومیز لینن لوک,بله,1,6900000
1434,,شلوار جین واید,بله,2,18900000
1239,,ی بلوز بافت پلنگ چهار رنگ فری سایز,بله,1,7650000
1245,,شلوار مام فیت عرب ت یه,بله,2,8700000
1136,,کت ژاکارد یک و دو تک رنگ 4111,بله,0,14500000
1131,,مانتو لینن یک و دو تک رنگ 9011,بله,3,23900000
1348,,کت مخمل سوزندوزی,بله,0,17300000
1242,,شومیز و شلوار لینن لوک,بله,0,15900000
1130,,مانتو لینن یک و دو تک رنگ 8011,بله,4,22800000
1465,,جوراب میخ زنانه ساده,بله,13,880000
1288,,گپ طرح لوزی,بله,2,4950000
1282,,جوراب طرح دار,بله,34,790000
1411,,شومیز لینن طرح گل,بله,1,9850000
1471,,جوراب نیم ساق ساده مردانه,بله,9,1450000
1232,,بارونب سانتانا قد ٠٩ سه رنگ,بله,1,21600000
1403,,دامن ساتن پلیسه,بله,1,7950000
1165,,پیراهن بابوس یک و دو تک رنگ 8011,بله,0,7800000
1273,,کاله لئونب بافت درشت طینق,بله,3,3900000
1300,,شال پیچازی درشت,بله,3,2850000
1342,,کت ژاکارد طوش سورمه ای,بله,7,13900000
1145,,کت ژاکارد یک و دو تک رنگ 4411,بله,2,14700000
1171,,شومیز لینن یک و دو چند رنگ 0711,بله,4,13900000
1359,,شلوار کرپ فیونا,بله,1,7650000
1315,,شلوار جین بگ,بله,4,18900000
1173,,شلوار لینن یک و دو تک رنگ 1111,بله,3,8600000
1445,,شکت چهارخونه موهر,بله,0,5800000
1416,,شومیز جلو گره راه راه,خیر,8,4870000
1237,,ژیله بافت پنج رنگ، فری سایز پیچازی:,بله,1,3850000
1182,,شومیز تییون,بله,10,7900000
1476,,شلوار نیم بگ بازاری,بله,12,12900000
1222,,هودی جین,بله,1,16700000
1417,,شومیز گازوئییل,بله,3,7580000
1128,,شومیز موسل نن یک و دو چند رنگ 7011,بله,4,7650000
1164,,پیراهن لینن نچرال یک و دو تک رنگ 0501,بله,3,12900000
1446,,بارونب سانتانا قد 57,بله,2,19800000
1444,,پالتو زرشگ,بله,1,9900000
1327,,کراپ بندی,بله,2,1880000
1248,,بلوز پنبه الکرا سفید,بله,0,2900000
1159,,پیراهن لینن پنبه یک و دو چند رنگ 7511,بله,0,8700000
1468,,جوراب کالج تک رنگ زنانه,بله,30,850000
1302,,شال چهارخونه درشت,بله,3,4580000
1371,,شال مشگ گلکیس منگوله دار,بله,0,2980000
1085,,پیراهن لینن یک و دو تک رنگ 7401,بله,1,6700000
1215,,دامن چ نن دار کتان,بله,1,8700000
1437,,کراپ بافت زنج یی,بله,8,8900000
1477,,کت بیسیک بازاری روجا,بله,12,18900000
1331,,بل نی ژاکارد,بله,6,3970000
1370,,شال مجلیس دستک شیشه ای,بله,4,3900000
1407,,تل عینگ,بله,9,1350000
1234,,بارونب بلند کتان رنگبندی سفاررش:,بله,2,14700000
1228,,شلوار واید اسییت عرب روشن,بله,3,6900000
1072,,شومیز لینن یک و دو تک رنگ 0701,بله,2,6800000
1381,,کت لینن پولیک,بله,1,14600000
1474,,شلوار جین بگ سایز بزرگ,بله,13,21900000
1294,,ست بلوز و شلوار میله ای سایز بندی چهار رنگ,بله,10,18900000
1439,,جوراب پای نیه ساق بلند طرح داره,بله,22,880000
1176,,شلوار لینن نچرال یک و دو چند رنگ 5711,بله,2,7650000
1259,,کراپ بارونب زارا و جین,بله,0,8450000
1250,,بلوز کرپ یقه سه سانت چند رنگ,بله,14,4900000
1398,,جوراب کالج کرپ,بله,9,690000
